,Name,Status,Location,Price,Stars,Ratings,Link
238,  x1 carbon 8GB 240   Full HD matte Panel  - Perfect order,Pre-Owned,From Greece,15761.01,0,0,https://www.ebay.com/itm/Lenovo-Thinkpad-x1-carbon-8GB-240-SSD-Full-HD-matte-Panel-Perfect-order/114118290180?hash=item1a91faeb04:g:E2MAAOSwvjNeIik9
993,  X1 Carbon 4th Gen w/ 2 yr MFG Depot Warranty,New (Other),From Canada,15724.57,0,0,https://www.ebay.com/itm/Lenovo-ThinkPad-X1-Carbon-4th-Gen-w-2-yr-MFG-Depot-Warranty/163934031861?hash=item262b3acff5:g:4UQAAOSwpBddlUTs
1362,MISSING  x1 carbon   ,Pre-Owned,From Australia,15331.58,0,0,https://www.ebay.com/itm/MISSING-Lenovo-x1-carbon-thinkpad-laptop/123861774940?hash=item1cd6bcb25c:g:XPAAAOSwS8tdRMOg
1193,MISSING  x1 carbon   ,Pre-Owned,From Australia,15331.58,0,0,https://www.ebay.com/itm/MISSING-Lenovo-x1-carbon-thinkpad-laptop/123861774940?hash=item1cd6bcb25c:g:XPAAAOSwS8tdRMOg
57,  X1 Carbon 6th Gen i5-8350U 8GB RAM 256GB   ,Pre-Owned,From United States,15087.86,Tim,0,https://www.ebay.com/itm/Lenovo-ThinkPad-X1-Carbon-6th-Gen-i5-8350U-8GB-RAM-256GB-SSD-Ultrabook-Win10/193358606579?epid=19032783380&hash=item2d051230f3:g:KiIAAOSwCbJeVTj5
348,  X1 Carbon G3 14 QHD touch i7 8GB 512GB  win8 pro LTE finger,Refurbished,From United States,15087.86,0,0,https://www.ebay.com/itm/Lenovo-Thinkpad-X1-Carbon-G3-14-QHD-touch-i7-8GB-512GB-SSD-win8-pro-LTE-finger/114011024848?hash=item1a8b962dd0:g:19YAAOSwHX5d8Xgq
1074,LENOVO  Carbon X1  5th Gen  i7-7500U   256GB  8GB RAM,Pre-Owned,From United Kingdom,15076.21,0,0,https://www.ebay.com/itm/LENOVO-ThinkPad-Carbon-X1-5th-Gen-i7-7500U-256GB-SSD-8GB-RAM/193353039337?hash=item2d04bd3de9:g:64YAAOSw~QVeS8dE
1244,LENOVO  Carbon X1  5th Gen  i7-7500U   256GB  8GB RAM,Pre-Owned,From United Kingdom,15076.21,0,0,https://www.ebay.com/itm/LENOVO-ThinkPad-Carbon-X1-5th-Gen-i7-7500U-256GB-SSD-8GB-RAM/193353039337?hash=item2d04bd3de9:g:64YAAOSw~QVeS8dE
491, x1 carbon i5 ,Pre-Owned,From United Kingdom,15076.21,0,0,https://www.ebay.com/itm/Lenovo-x1-carbon-i5/174194797251?hash=item288ed1aac3:g:wQQAAOSwBdBc0F03
10,"  X1 Carbon 6th Gen i5-8350U 8th Gen, Ram 16gb, 256 ",Pre-Owned,From United States,15018.22,Tim,0,https://www.ebay.com/itm/Lenovo-Thinkpad-X1-Carbon-6th-Gen-i5-8350U-8th-Gen-Ram-16gb-256-SSD/254520464474?hash=item3b429a145a:g:9ZoAAOSw-0BeUcEt
326,  X1 Carbon 4th Gen i7 2.60Ghz 16GB 512GB  Win 10 Pro - A Grade,Pre-Owned,From United States,14507.56,4.5,0,https://www.ebay.com/itm/Lenovo-Thinkpad-X1-Carbon-4th-Gen-i7-2-60Ghz-16GB-512GB-SSD-Win-10-Pro-A-Grade/143541410604?epid=20031092292&hash=item216bbc1b2c:g:SNIAAOSw8OteRdK-
6," X1 Carbon 5th Gen, 0021UK,12 months  Warrenty (On Site).",Refurbished,From United Kingdom,14502.17,0,0,https://www.ebay.com/itm/Lenovo-X1-Carbon-5th-Gen-Model-0021UK-12-months-Lenovo-Warrenty-On-Site/293491998781?hash=item44557c803d:g:AroAAOSwwJ1eCmDf
1130,"   carbon x1  (4 gb, 1,80ghz, 180 gb",Brand New,From France,14500.8,Ord,0,https://www.ebay.com/itm/Ordinateur-portable-Lenovo-ThinkPad-Carbon-X1-14-1-4-Go-1-80GHz-180-Go/352975910768?epid=19034590419&hash=item522f00f770:g:XwwAAOSwWk1eTGBw
1298,"   carbon x1  (4 gb, 1,80ghz, 180 gb",Brand New,From France,14500.8,Ord,0,https://www.ebay.com/itm/Ordinateur-portable-Lenovo-ThinkPad-Carbon-X1-14-1-4-Go-1-80GHz-180-Go/352975910768?epid=19034590419&hash=item522f00f770:g:XwwAAOSwWk1eTGBw
934,  X1 Carbon 6th Generation i5-8250U 8GB 256GB  Black,Pre-Owned,From United States,13927.02,0,0,https://www.ebay.com/itm/Lenovo-ThinkPad-X1-Carbon-6th-Generation-i5-8250U-8GB-256GB-SSD-Black/202863930014?epid=0&hash=item2f3ba1ea9e:g:ReEAAOSw9tFdzvca
492,New Genuine   X1 Carbon 256GB  04X4482,Brand New,From United States,13926.09,0,0,https://www.ebay.com/itm/New-Genuine-Lenovo-ThinkPad-X1-Carbon-256GB-SSD-04X4482/182441178003?hash=item2a7a577393:g:c6cAAOSwPCVX5Y7M
355,New Genuine   X1 Carbon 256GB  00JT058,Brand New,From United States,13926.09,0,0,https://www.ebay.com/itm/New-Genuine-Lenovo-ThinkPad-X1-Carbon-256GB-SSD-00JT058/182291044691?hash=item2a71649953:g:c6cAAOSwPCVX5Y7M
576,New Genuine   X1 Carbon 256GB  00UP458,Brand New,From United States,13926.09,0,0,https://www.ebay.com/itm/New-Genuine-Lenovo-ThinkPad-X1-Carbon-256GB-SSD-00UP458/201803115309?hash=item2efc672b2d:g:c6cAAOSwPCVX5Y7M
646,New Genuine   X1 Carbon 256GB  04X4450,Brand New,From United States,13926.09,0,0,https://www.ebay.com/itm/New-Genuine-Lenovo-ThinkPad-X1-Carbon-256GB-SSD-04X4450/172241557971?hash=item281a6599d3:g:Y7AAAOSwMNxXYG6U
689,New Genuine   X1 Carbon 256GB  04X4477,Brand New,From United States,13926.09,New,0,https://www.ebay.com/itm/New-Genuine-Lenovo-ThinkPad-X1-Carbon-256GB-SSD-04X4477/182171172450?epid=1657940469&hash=item2a6a3f7e62:g:Y7AAAOSwMNxXYG6U
458,New Genuine   X1 Carbon 256GB  04X4411,Brand New,From United States,13926.09,New,0,https://www.ebay.com/itm/New-Genuine-Lenovo-ThinkPad-X1-Carbon-256GB-SSD-04X4411/182441176623?epid=1457938462&hash=item2a7a576e2f:g:c6cAAOSwPCVX5Y7M
729,New Genuine   X1 Carbon 256GB  00JT009,Brand New,From United States,13926.09,0,0,https://www.ebay.com/itm/New-Genuine-Lenovo-ThinkPad-X1-Carbon-256GB-SSD-00JT009/201604174103?hash=item2ef08b9117:g:Y7AAAOSwMNxXYG6U
628,New Genuine   X1 Carbon 256GB  04X4450,Brand New,From United States,13926.09,0,0,https://www.ebay.com/itm/New-Genuine-Lenovo-ThinkPad-X1-Carbon-256GB-SSD-04X4450/172241557971?hash=item281a6599d3:g:Y7AAAOSwMNxXYG6U
925,  X1 Carbon 6th Gen i5 8250U 1.60ghz 8GB Ram  READ   WORKING ,Parts Only,From United States,13904.04,0,0,https://www.ebay.com/itm/Lenovo-Thinkpad-X1-Carbon-6th-Gen-i5-8250U-1-60ghz-8GB-Ram-READ-WORKING/184185530827?hash=item2ae25029cb:g:ancAAOSwR-9eVHNB
188,  X1 Carbon    i7 4th Gen 2.6GHz 16 GB 512GB WQHD ,Pre-Owned,From United States,13904.04,0,0,https://www.ebay.com/itm/Lenovo-ThinkPad-X1-Carbon-14-Intel-Core-i7-4th-Gen-2-6GHz-16-GB-512GB-WQHD/223878618692?hash=item3420349e44:g:tYgAAOSwJU5eLhet
236, X1 Carbon Gen 3 i7 2.4GHZ/8GB Ram/1TB // Warranty ,Refurbished,From United States,13695.13,0,0,https://www.ebay.com/itm/Lenovo-X1-Carbon-Gen-3-i7-2-4GHZ-8GB-Ram-1TB-SSD-Windows-10-Pro-Warranty/283683802316?hash=item420cdf4ccc:g:2ucAAOSwTUBd1sFe
1023,Portables trim   x1 carbon (20bt) tara,Pre-Owned,From Spain,13573.0,0,0,https://www.ebay.com/itm/PORTATILES-DE-OCASION-Lenovo-ThinkPad-X1-Carbon-20BT-Tara/223823983749?hash=item341cf2f485:g:IakAAOSwEgReCf~C
37,  X1 Carbon 4th Generation  2.6GHz  i7 16GB RAM 512GB ,Pre-Owned,From United States,13346.72,Len,0,https://www.ebay.com/itm/Lenovo-ThinkPad-X1-Carbon-4th-Generation-14-2-6GHz-Core-i7-16GB-RAM-512GB-SSD/264595884514?epid=1178445320&hash=item3d9b24c9e2:g:0-UAAOSwHv1eGjCT
385, X1 Carbon Gen 3 i7 2.4GHZ/4GB Ram/1TB // Warranty ,Refurbished,From United States,13161.25,0,0,https://www.ebay.com/itm/Lenovo-X1-Carbon-Gen-3-i7-2-4GHZ-4GB-Ram-1TB-SSD-Windows-10-Pro-Warranty/283683778677?hash=item420cdef075:g:2ucAAOSwTUBd1sFe
251, X1 Carbon  i7 2.6GHz 8GB 256GB   ,Refurbished,From United States,12998.54,0,0,https://www.ebay.com/itm/Lenovo-X1-Carbon-Laptop-i7-2-6GHz-8GB-256GB-SSD-Windows-10-14/313005501862?hash=item48e094eda6:g:9rsAAOSwqMteT99h
77," X1 Carbon 2  i7 2,10Ghz 8GB 240GB  14   2560 x 1440",Pre-Owned,From Germany,12609.39,0,0,https://www.ebay.com/itm/Lenovo-X1-Carbon-2-Core-i7-2-10Ghz-8GB-240GB-SSD-14zoll-WEB-CAM-2560-x-1440/202666517304?hash=item2f2fdda338:g:9hYAAOSwi5dcx0~K
274, x1 carbon,Pre-Owned,From Italy,12609.39,0,0,https://www.ebay.com/itm/Lenovo-X1-Carbon/184180664088?hash=item2ae205e718:g:zOkAAOSw~tJeUDDL
335,Top offer   X1 Carbon  i5 8GB 240GB   4K 2560x1440x,Refurbished,From Germany,12584.17,0,0,https://www.ebay.com/itm/TOP-Angebot-Lenovo-ThinkPad-X1-Carbon-Core-i5-8GB-240GB-SSD-LCD-4K-2560x1440x/323877109375?hash=item4b68947e7f:g:C1gAAOSwIsddSEOx
162,  x1 Carbon i7 4550u 8 GB RAM 256   2560x1440 IPS ,Pre-Owned,From Germany,12584.17,0,0,https://www.ebay.com/itm/Lenovo-ThinkPad-X1-Carbon-i7-4550u-8-GB-Ram-256-SSD-Webcam-2560x1440-IPS-LCD/143031506269?epid=0&hash=item214d57955d:g:NAoAAOSwm5xb~tQf
409, X1 Carbon Gen 3 i7 2.4GHZ/8GB Ram/512GB // Warranty ,Refurbished,From United States,12418.47,0,0,https://www.ebay.com/itm/Lenovo-X1-Carbon-Gen-3-i7-2-4GHZ-8GB-Ram-512GB-SSD-Windows-10-Pro-Warranty/283683803181?hash=item420cdf502d:g:2ucAAOSwTUBd1sFe
509, X1 Carbon Gen 3 i7 2.4GHZ/8GB Ram/512GB // Warranty ,Refurbished,From United States,12418.47,0,0,https://www.ebay.com/itm/Lenovo-X1-Carbon-Gen-3-i7-2-4GHZ-8GB-Ram-512GB-SSD-Windows-10-Pro-Warranty/283683803181?hash=item420cdf502d:g:2ucAAOSwTUBd1sFe
1073,  X1 Carbon Touch     i5 8GB 256GB ,Pre-Owned,From Canada,12212.75,0,0,https://www.ebay.com/itm/Lenovo-Thinkpad-X1-Carbon-Touch-Laptop-Notebook-Ultrabook-Intel-i5-8GB-256GB-SSD/362918368205?hash=item547f9ed3cd:g:ciIAAOSw3F5eSwzV
1243,  X1 Carbon Touch     i5 8GB 256GB ,Pre-Owned,From Canada,12212.75,0,0,https://www.ebay.com/itm/Lenovo-Thinkpad-X1-Carbon-Touch-Laptop-Notebook-Ultrabook-Intel-i5-8GB-256GB-SSD/362918368205?hash=item547f9ed3cd:g:ciIAAOSw3F5eSwzV
83, Yoga 15 Convertible  i5 8GB 256GB 1920x1080 Touchscr. LTE De. ,Pre-Owned,From Germany,12079.79,Tim,0,https://www.ebay.com/itm/Lenovo-YOGA-15-Convertible-Core-i5-8GB-256GB-1920x1080-Touchscr-LTE-DE-Backlit/164095297969?hash=item2634d789b1:g:FrYAAOSwvcheUbml
312, X1 Carbon Gen 3 i7 2.4GHZ/4GB Ram/512GB // Warranty ,Refurbished,From United States,11861.38,0,0,https://www.ebay.com/itm/Lenovo-X1-Carbon-Gen-3-i7-2-4GHZ-4GB-Ram-512GB-SSD-Windows-10-Pro-Warranty/283683777546?hash=item420cdeec0a:g:2ucAAOSwTUBd1sFe
606, X1 Carbon Gen 3 i7 2.4GHZ/8GB Ram/256GB // Warranty ,Refurbished,From United States,11606.04,0,0,https://www.ebay.com/itm/Lenovo-X1-Carbon-Gen-3-i7-2-4GHZ-8GB-Ram-256GB-SSD-Windows-10-Pro-Warranty/283683804367?hash=item420cdf54cf:g:2ucAAOSwTUBd1sFe
178, X1 Carbon Gen 3 i7 2.4GHZ/8GB Ram/1TB HDD// Warranty ,Refurbished,From United States,11606.04,0,0,https://www.ebay.com/itm/Lenovo-X1-Carbon-Gen-3-i7-2-4GHZ-8GB-Ram-1TB-HDD-Windows-10-Pro-Warranty/283683784762?hash=item420cdf083a:g:2ucAAOSwTUBd1sFe
1246,LENOVO THINKPAD X1 CARBON 3RD GEN 1.6GHz 8GB 128GB 5yr Warranty ,Pre-Owned,From United States,11606.04,0,0,https://www.ebay.com/itm/LENOVO-THINKPAD-X1-CARBON-3RD-GEN-1-6GHz-8GB-128GB-5yr-Warranty-Fingerprint/264445961254?_trkparms=ispr%3D1&hash=item3d92352426:g:dvoAAOSwSkhdZt7J&enc=AQAEAAACQBPxNw%2BVj6nta7CKEs3N0qX2P%2FVc2DPnTbVKoIZ8X2aUvx%2BmBX7%2BgOygN1FYyVrKe5r98CnX04NphCWp1sxQB1maYrgVLj7ZiyVUexKBbA%2BJoKKxiM63zPeC3QLj66sscUsiuHfR%2FAFyZk5AIpTQ66v4BJ9odoYwEQTnXRjlQpU%2BXZRQryxP5XhsOmyBTm%2FziPFqGFD%2BaKIdz50J%2B3jGLuEjD0ltHaTiZ3DXK7pKlHdgCqa63vGMuXfYLNJjmVqxOzUGkkgHj%2FIDYka7c2hPmd5auFPguK2g3exv4AkUV7ijzqio0A3h6jlQvDkgmkN0b7FNJ1oXsyZioP52btrpBDe%2FbCsJPeb30PG05oi%2BX48pqdpcteeXY4UkDMcfi6MG%2FS%2FTB5pAPH122hgeixOD7oo4OC6MPcBhTinZ%2FDORSsiNZLb0WmpMKAtoUAzb6kQbyujy0n%2BsidpogvuOze8GUlfHhkTBB8vFurQF%2F%2F7WTR3uQuE4vYR0cqstwoDAUIfnOhPI5yMKjtekknG7tu1Z9YnP6dyf48evcJZliLMDkkk%2Fq51DPjuoW%2BFdLZJjJrpt92yd3D1PsST1UoOUHkAYxbSgbxWwbrFjuIVDdeo73kR0FCKDA%2FDh3TqEnzwh4ffrgSKznEdgKrAt2Tt4%2FtfZ6N1DQZ5Zw1Uz%2BHLZb3%2FRpMjApEyDONa%2Fc4fUx6Ysh6lW7UW9XNI26cq5L5yAQs9RxWZY56EAfHKmBo7WaTdpyiOWy1xVmIb3K4KQ1GiQh4JSmA%3D%3D&checksum=264445961254f873be751735421d9d3eff5c66e80d14
1077,LENOVO THINKPAD X1 CARBON 3RD GEN 1.6GHz 8GB 128GB 5yr Warranty ,Pre-Owned,From United States,11606.04,0,0,https://www.ebay.com/itm/LENOVO-THINKPAD-X1-CARBON-3RD-GEN-1-6GHz-8GB-128GB-5yr-Warranty-Fingerprint/264445961254?_trkparms=ispr%3D1&hash=item3d92352426:g:dvoAAOSwSkhdZt7J&enc=AQAEAAACQBPxNw%2BVj6nta7CKEs3N0qX2P%2FVc2DPnTbVKoIZ8X2aUvx%2BmBX7%2BgOygN1FYyVrKe5r98CnX04NphCWp1sxQB1maYrgVLj7ZiyVUexKBbA%2BJoKKxiM63zPeC3QLj66sscUsiuHfR%2FAFyZk5AIpTQ66v4BJ9odoYwEQTnXRjlQpU%2BXZRQryxP5XhsOmyBTm%2FziPFqGFD%2BaKIdz50J%2B3jGLuEjD0ltHaTiZ3DXK7pKlHdgCqa63vGMuXfYLNJjmVqxOzUGkkgHj%2FIDYka7c2hPmd5auFPguK2g3exv4AkUV7ije7PWkYDwsyeCdKSU6Y5FcdRl9j47Hrz%2FdaPCJNb7I2sZzHScIQFi2wEdeFt3UePO8EepNt6SXKLsRvrXXNyEDp8jM3WcxL%2Bgd1A1LToKBWPS7X3sMwKO1ayfXxJOMEtX08BIHcM6Ll1X8gthm8aiU7bu9VfMso6I2C2cSnOFLJANemT9BLHErE3zlkWwgudl5umITEHy0exSmteoKAfYPg5zPt%2F%2BkFgPnE4Cxi%2FqmQh8f8HXrR%2BbFrxrKh%2BE2clTXQjaVxuTqnU%2FjOQHSJjt6OOraNYaMmwK7I20qQYTno%2FFEw19m4GliPkxuv9EYnDok%2F8OMeESMiqNzbBvpuwjkd0Ss4WfJvs7XYcNdJi28vz%2F0XYUb8Z%2BKK9Fo%2F%2FPCyNv7csiZOQypHquUkQTgzOrvGjmbn4TCGkl9XNtIoMpdo0UFYV5gXvCRMWmSN7vZjwgry6nNbkFJO3cNfAj9nVFKA%3D%3D&checksum=2644459612541ff8106e309a44b086f935462c512375
562, X1 Carbon i7 8Gb Ram 240GB   Grade B,Pre-Owned,From United States,11605.81,0,0,https://www.ebay.com/itm/Lenovo-X1-Carbon-i7-8Gb-Ram-240GB-SSD-Windows-10-Pro-Grade-B/352639411963?hash=item521af266fb:g:ePoAAOSwi5xcNhXF
152, X1 Carbon 3.Gen  i7 Touch 8Gb 256Gb  2560x1440 W10 Cam Fp 4G/LTE,Pre-Owned,From Germany,11516.84,0,0,https://www.ebay.com/itm/Lenovo-X1-Carbon-3-Gen-Core-i7-Touch-8Gb-256Gb-SSD-2560x1440-W10-Cam-Fp-4G-LTE/153425466679?hash=item23b8ded537:g:w8oAAOSw3EReP~d6
207, X1 Carbon Gen 3 i7 2.4GHZ/8GB Ram/240GB // Warranty ,Refurbished,From United States,11489.98,0,0,https://www.ebay.com/itm/Lenovo-X1-Carbon-Gen-3-i7-2-4GHZ-8GB-Ram-240GB-SSD-Windows-10-Pro-Warranty/283684942894?hash=item420cf0b42e:g:2ucAAOSwTUBd1sFe
708, X1 Carbon Gen 3 i7 2.4GHZ/8GB Ram/180GB // Warranty ,Refurbished,From United States,11350.71,0,0,https://www.ebay.com/itm/Lenovo-X1-Carbon-Gen-3-i7-2-4GHZ-8GB-Ram-180GB-SSD-Windows-10-Pro-Warranty/283684944632?hash=item420cf0baf8:g:2ucAAOSwTUBd1sFe
407,  X1 Carbon 4th Gen  i7 8GB 256GB  REF: LEN3795,Pre-Owned,From United Kingdom,11329.52,0,0,https://www.ebay.com/itm/Lenovo-ThinkPad-X1-Carbon-4th-Gen-Core-i7-8GB-256GB-SSD-REF-LEN3795/164086346024?hash=item26344ef128:g:14IAAOSwLIVeOeWJ
184,  X1 Carbon 4th Gen  i7 8GB 256GB  REF: LEN3790,Pre-Owned,From United Kingdom,11329.52,0,0,https://www.ebay.com/itm/Lenovo-ThinkPad-X1-Carbon-4th-Gen-Core-i7-8GB-256GB-SSD-REF-LEN3790/164086333750?hash=item26344ec136:g:U7oAAOSwHEleOfCQ
337,  X1 Carbon 4th Gen  i7 8GB 256GB REF: LEN3787,Pre-Owned,From United Kingdom,11329.52,0,0,https://www.ebay.com/itm/Lenovo-ThinkPad-X1-Carbon-4th-Gen-Core-i7-8GB-256GB-SSDREF-LEN3787/164086335736?hash=item26344ec8f8:g:1MQAAOSwRsJeQA7k
608,  X1 Carbon 4th Gen  i7 8GB 256GB  REF: LEN3793,Pre-Owned,From United Kingdom,11329.52,0,0,https://www.ebay.com/itm/Lenovo-ThinkPad-X1-Carbon-4th-Gen-Core-i7-8GB-256GB-SSD-REF-LEN3793/164086340607?hash=item26344edbff:g:14IAAOSwLIVeOeWJ
411,  X1 Carbon 4th Gen  i7 8GB 256GB REF: LEN3792,Pre-Owned,From United Kingdom,11329.52,0,0,https://www.ebay.com/itm/Lenovo-ThinkPad-X1-Carbon-4th-Gen-Core-i7-8GB-256GB-SSDREF-LEN3792/164086340372?hash=item26344edb14:g:1MQAAOSwRsJeQA7k
240,  X1 Carbon 4th Gen  i7 8GB 256GB  refurbished REF: LEN3785,Pre-Owned,From United Kingdom,11329.52,0,0,https://www.ebay.com/itm/Lenovo-ThinkPad-X1-Carbon-4th-Gen-Core-i7-8GB-256GB-SSD-refurbished-REF-LEN3785/164085526609?hash=item2634427051:g:hOUAAOSwEUdeOecA
513,  X1 Carbon 4th Gen  i7 8GB 256GB  REF: LEN3794,Pre-Owned,From United Kingdom,11329.52,0,0,https://www.ebay.com/itm/Lenovo-ThinkPad-X1-Carbon-4th-Gen-Core-i7-8GB-256GB-SSD-REF-LEN3794/164086341459?hash=item26344edf53:g:14IAAOSwLIVeOeWJ
314,  X1 Carbon 4th Gen  i7 8GB 256GB  REF: LEN3791,Pre-Owned,From United Kingdom,11329.52,0,0,https://www.ebay.com/itm/Lenovo-ThinkPad-X1-Carbon-4th-Gen-Core-i7-8GB-256GB-SSD-REF-LEN3791/164085502792?hash=item2634421348:g:14IAAOSwLIVeOeWJ
1278, X1 Carbon Gen 3 i7 2.4GHZ/8GB Ram/750GB HDD// Warranty ,Refurbished,From United States,11304.29,0,0,https://www.ebay.com/itm/Lenovo-X1-Carbon-Gen-3-i7-2-4GHZ-8GB-Ram-750GB-HDD-Windows-10-Pro-Warranty/283683787160?hash=item420cdf1198:g:2ucAAOSwTUBd1sFe
1109, X1 Carbon Gen 3 i7 2.4GHZ/8GB Ram/750GB HDD// Warranty ,Refurbished,From United States,11304.29,0,0,https://www.ebay.com/itm/Lenovo-X1-Carbon-Gen-3-i7-2-4GHZ-8GB-Ram-750GB-HDD-Windows-10-Pro-Warranty/283683787160?hash=item420cdf1198:g:2ucAAOSwTUBd1sFe
75, X1 Carbon 3.Gen  i7 Touch 8Gb 256Gb  2560x1440 W10 Cam FP 4G/LTE,Pre-Owned,From Germany,11216.55,0,0,https://www.ebay.com/itm/Lenovo-X1-Carbon-3-Gen-Core-i7-TOUCH-8Gb-256Gb-SSD-2560x1440-W10-Cam-FP-4G-LTE/163608923273?hash=item2617da0c89:g:w8oAAOSw3EReP~d6
678,  4th gen x1 Carbon  i7 2.60 Ghz 8GB 256GB  IPS,Refurbished,From United States,11200.06,0,0,https://www.ebay.com/itm/Lenovo-Thinkpad-4th-gen-x1-Carbon-Core-i7-2-60-Ghz-8GB-256GB-Windows-10-Pro-IPS/392525663578?hash=item5b645a4d5a:g:iswAAOSwOb9dxeE3
316, X1 Carbon Gen 3 i7 2.4GHZ/8GB Ram/500GB HDD// Warranty ,Refurbished,From United States,11188.23,0,0,https://www.ebay.com/itm/Lenovo-X1-Carbon-Gen-3-i7-2-4GHZ-8GB-Ram-500GB-HDD-Windows-10-Pro-Warranty/283683787695?hash=item420cdf13af:g:2ucAAOSwTUBd1sFe
600, X1 Carbon Gen 3 i7 2.4GHZ/8GB Ram/128GB // Warranty ,Refurbished,From United States,11188.23,0,0,https://www.ebay.com/itm/Lenovo-X1-Carbon-Gen-3-i7-2-4GHZ-8GB-Ram-128GB-SSD-Windows-10-Pro-Warranty/283684945691?hash=item420cf0bf1b:g:2ucAAOSwTUBd1sFe
1000, X1 Carbon Gen 3 i7 2.4GHZ/4GB Ram/1TB HDD// Warranty ,Refurbished,From United States,11048.95,0,0,https://www.ebay.com/itm/Lenovo-X1-Carbon-Gen-3-i7-2-4GHZ-4GB-Ram-1TB-HDD-Windows-10-Pro-Warranty/283683782638?hash=item420cdeffee:g:2ucAAOSwTUBd1sFe
408, X1 Carbon Gen 3 i7 2.4GHZ/4GB Ram/256GB // Warranty ,Refurbished,From United States,11048.95,0,0,https://www.ebay.com/itm/Lenovo-X1-Carbon-Gen-3-i7-2-4GHZ-4GB-Ram-256GB-SSD-Windows-10-Pro-Warranty/283683776855?hash=item420cdee957:g:2ucAAOSwTUBd1sFe
1215, X1 Carbon Gen 3 i7 2.4GHZ/4GB Ram/240GB // Warranty ,Refurbished,From United States,10909.68,0,0,https://www.ebay.com/itm/Lenovo-X1-Carbon-Gen-3-i7-2-4GHZ-4GB-Ram-240GB-SSD-Windows-10-Pro-Warranty/283683776209?hash=item420cdee6d1:g:2ucAAOSwTUBd1sFe
1384, X1 Carbon Gen 3 i7 2.4GHZ/4GB Ram/240GB // Warranty ,Refurbished,From United States,10909.68,0,0,https://www.ebay.com/itm/Lenovo-X1-Carbon-Gen-3-i7-2-4GHZ-4GB-Ram-240GB-SSD-Windows-10-Pro-Warranty/283683776209?hash=item420cdee6d1:g:2ucAAOSwTUBd1sFe
801, X1 Carbon Gen 3 i7 2.4GHZ/4GB Ram/180GB // Warranty ,Refurbished,From United States,10793.62,0,0,https://www.ebay.com/itm/Lenovo-X1-Carbon-Gen-3-i7-2-4GHZ-4GB-Ram-180GB-SSD-Windows-10-Pro-Warranty/283683775036?hash=item420cdee23c:g:2ucAAOSwTUBd1sFe
237, X1 Carbon Gen 3 i7 2.4GHZ/8GB Ram/320GB HDD// Warranty ,Refurbished,From United States,10793.62,0,0,https://www.ebay.com/itm/Lenovo-X1-Carbon-Gen-3-i7-2-4GHZ-8GB-Ram-320GB-HDD-Windows-10-Pro-Warranty/283683788549?hash=item420cdf1705:g:2ucAAOSwTUBd1sFe
1200, X1 Carbon Gen 3 i7 2.4GHZ/4GB Ram/750GB HDD// Warranty ,Refurbished,From United States,10747.2,0,0,https://www.ebay.com/itm/Lenovo-X1-Carbon-Gen-3-i7-2-4GHZ-4GB-Ram-750GB-HDD-Windows-10-Pro-Warranty/283683781342?hash=item420cdefade:g:2ucAAOSwTUBd1sFe
1369, X1 Carbon Gen 3 i7 2.4GHZ/4GB Ram/750GB HDD// Warranty ,Refurbished,From United States,10747.2,0,0,https://www.ebay.com/itm/Lenovo-X1-Carbon-Gen-3-i7-2-4GHZ-4GB-Ram-750GB-HDD-Windows-10-Pro-Warranty/283683781342?hash=item420cdefade:g:2ucAAOSwTUBd1sFe
902, X1 Carbon Gen 3 i7 2.4GHZ/4GB Ram/500GB HDD// Warranty ,Refurbished,From United States,10631.14,0,0,https://www.ebay.com/itm/Lenovo-X1-Carbon-Gen-3-i7-2-4GHZ-4GB-Ram-500GB-HDD-Windows-10-Pro-Warranty/283683780584?hash=item420cdef7e8:g:2ucAAOSwTUBd1sFe
511, X1 Carbon Gen 3 i7 2.4GHZ/4GB Ram/128GB // Warranty ,Refurbished,From United States,10607.92,0,0,https://www.ebay.com/itm/Lenovo-X1-Carbon-Gen-3-i7-2-4GHZ-4GB-Ram-128GB-SSD-Windows-10-Pro-Warranty/283683770579?hash=item420cded0d3:g:2ucAAOSwTUBd1sFe
929,  X1 Carbon Gen 3 14     i5 8 GB RAM 128 GB ,Refurbished,From United Kingdom,10574.2,0,0,https://www.ebay.com/itm/Lenovo-Thinkpad-X1-Carbon-Gen-3-14-inch-Laptop-Intel-Core-i5-8-GB-RAM-128-GB-SSD/184179052084?hash=item2ae1ed4e34:g:1E8AAOSwLJdeTr2d
252, X1 Carbon 14    i5 8GB RAM 128GB ,Refurbished,From United Kingdom,10543.98,0,0,https://www.ebay.com/itm/Lenovo-X1-Carbon-14-inch-Laptop-Intel-i5-8GB-RAM-128GB-SSD/153846299601?hash=item23d1f43bd1:g:EAEAAOSwOJheVoY8
452, X1 Carbon Gen 3 i7 2.4GHZ/4GB Ram/320GB HDD// Warranty ,Refurbished,From United States,10259.74,0,0,https://www.ebay.com/itm/Lenovo-X1-Carbon-Gen-3-i7-2-4GHZ-4GB-Ram-320GB-HDD-Windows-10-Pro-Warranty/283683779682?hash=item420cdef462:g:2ucAAOSwTUBd1sFe
469,  4th gen x1 Carbon  i5 2.4Ghz 8GB 256GB  FHD,Refurbished,From United States,9667.84,0,0,https://www.ebay.com/itm/Lenovo-Thinkpad-4th-gen-x1-Carbon-intel-i5-2-4Ghz-8GB-256GB-Windows-10-Pro-FHD/392688066988?hash=item5b6e0861ac:g:68gAAOSwu1FeH2vt
852,"Grade A-  T450s  IPS,  i5, 8 GB 240 GB  WWAN FP ",Pre-Owned,From Germany,9582.88,0,0,https://www.ebay.com/itm/Ware-A-Lenovo-ThinkPad-T450s-14-IPS-Core-i5-8-GB-240-GB-SSD-WWAN-FP-Backlit/312840211440?_trkparms=ispr%3D1&hash=item48d6bacbf0:g:jsgAAOSwi5VeRQ4o&enc=AQAEAAACQBPxNw%2BVj6nta7CKEs3N0qWFim%2BDTuGkLklhbtQA3OKdGrCCo%2FJacSIm7VKkLmJGhzxKmHiTHcOiuD9lVtQTKQsNDxcEmUxRfUzaC5BBWC30lg4xD0La2vqtbPL08cZyEGpZs%2FqIxvasfVKKIf1Jgle7%2Bb%2F16p8BzJFjgEpyDA%2F6NYAkUaHzSlTfYEAIdQZAYyUX%2FzJpy%2FaGrKG5sYv584a2H8w%2Fe36Fr8UEsMiL%2F1RiunFnEiti%2F7zbfWz27EXEdjwjhlMbfYi%2F%2FGalsx2InI4GiFVRULWkKwuMQwoY%2FabKTh2GHv5XaQkFJWCAGLlPKlfDiV5LfnyNmz%2Ba03Mi2b1iLsnia1tuRMn0cEOTyVPIh0BUm8sYOYOcGnHPYYipWP8NkDkE%2BDs8DcI%2FTYkKFps7E5LvS0VaIO51h0KQjZZDijKIS2FK1GDPr%2FDr1hNw4CB2heI87B5kM4lt0iWelGmLV1qH3Vve207A%2BEzH8JyjbDWFNHbVpHAKWsteKr3%2FGDAN1UpNH1hxBhmv7CZoArUD4B1mTwzRt4BIE8hNPrEeDz0PutN%2FEiGsjPdLiofsW4umhMsLbIpM3kXaiwSsCnE5cdORLDdc9x%2BkV%2FX02ScxypsXj3mvl16RfdmnvxrGPrK%2BS3zwOet8IV8IyD8DDaArmVzDh3MwWhVsH35IZqbLCSFXXPHnUkwVAIsdDVHcgylQe1jkWiffWFzf6IUt81XVsjPw6gGktiqMZTdDWf41QdUoHjoZDj0uVekWtElgeA%3D%3D&checksum=31284021144010845e97e452410fa8832031afc6a993
1038," -   X1 Carbon I7, 8gb, 256ssd",Pre-Owned,From United States,9400.9,0,0,https://www.ebay.com/itm/Laptop-Lenovo-Thinkpad-X1-Carbon-I7-8gb-256ssd/312991419439?hash=item48dfbe0c2f:g:IAQAAOSwec9eQ~dS
65,LENOVO X1 CARBON 4TH GEN INTEL i7 2.6GHz 8GB RAM 256GB   WIN 10 PRO,Pre-Owned,From United States,9284.6,0,0,https://www.ebay.com/itm/LENOVO-X1-CARBON-4TH-GEN-INTEL-i7-2-6GHz-8GB-RAM-256GB-SSD-14-WIN-10-PRO/324083364351?hash=item4b74dfb1ff:g:iYIAAOSwru1ePwqC
5,  X1 Carbon 5th Gen  i7 7600U 3.9GHz 16GB 1TB   Win 10 Pro ,Pre-Owned,From United States,9168.78,Tim,0,https://www.ebay.com/itm/Lenovo-ThinkPad-X1-Carbon-5th-Gen-Core-i7-7600U-3-9GHz-16GB-1TB-SSD-Win-10-Pro/143541503665?hash=item216bbd86b1:g:yUUAAOSwAa1eVc-8
971, X1 Carbon 4th Generation,Pre-Owned,From United Kingdom,9063.86,0,0,https://www.ebay.com/itm/Thinkpad-X1-Carbon-4th-Generation/274271421823?hash=item3fdbd9c57f:g:NssAAOSwrhFeSSA9
1063,Special offer  X1 Carbon 2 GEN  i7 8GB 240GB  HD + 2 Years Warranty,Refurbished,From Germany,9053.54,0,0,https://www.ebay.com/itm/Sonderaktion-Lenovo-X1-Carbon-2-Gen-Core-i7-8GB-240GB-SSD-HD-2-Jahre-Garantie/392411830922?_trkparms=ispr%3D1&hash=item5b5d915a8a:g:Jr8AAOSw36tdW8kB&enc=AQAEAAACQBPxNw%2BVj6nta7CKEs3N0qXwfNV%2BnxArVgUyz7hKDKcZ14bwFzfWF%2FzqvGiZ%2BDYJXULNNQsS4q9883%2FpuITKYNcQaX%2BxUaME1Jn5CBD09oMMKcFRHjWJpFVFtfKAc1ia55Re7IogfkTJJrM7JqSpRmYcmMGZNxIiAfXKb7M%2BgYamIpxTWJQ1x8jl%2BuaTFLKZW7id1k8o6xXcKWUgrGLhDdvuxSatYtvNRFJjR%2F8KQr8qYB5EMr7ciaJl%2FzRlaCHJD6fqW1gJyCRDq%2FZiQW24ZKQjMgpHDMIxkVQQliauCtwSY848ufns%2BUz3MXlKVqvGGeJOUOzW3ah%2ByqRByn3UVjCci%2BhjTkTR83PIikX8nvxolNPeQqmxtMNHuDIeDapnaP8702GkCIdmEpyAGpgoqCcu6LmhyNZYMfM%2Bqe3hOIR2J1W0epQ2gIGgFjCMZsgIszol4QjTv20gV3gs2sC%2BkbauqIgIsiaRnFMftFG7iSBJSSDrZKRCE1QwmjSc3v%2FQ5%2B4tPadeTNqmZfGhclAJTmjsGfkNHTzyIE0aIWGixjUGvT8GfJUW66Iy94vO8JubvzZtTfYgbiF44kci0cnXSeJ9kdcc7dFyDMOnUb7q28ynrfpi1t2QVQfsQpn5xolRS8rP%2ByxBlb4bUBx4tCrgE0EXy9mSOQnvr8iSukMQ4wzdZRFhcI%2B92EX8FdW2mKiLrX32kkYtxk14ckAoZOZpssF0D7ETDCEMkd3fRoBQaNYup5wMK1VNkAe4CIpAhuQg9A%3D%3D&checksum=3924118309221ff8106e309a44b086f935462c512375
1232,Special offer  X1 Carbon 2 GEN  i7 8GB 240GB  HD + 2 Years Warranty,Refurbished,From Germany,9053.54,0,0,https://www.ebay.com/itm/Sonderaktion-Lenovo-X1-Carbon-2-Gen-Core-i7-8GB-240GB-SSD-HD-2-Jahre-Garantie/392411830922?_trkparms=ispr%3D1&hash=item5b5d915a8a:g:Jr8AAOSw36tdW8kB&enc=AQAEAAACQBPxNw%2BVj6nta7CKEs3N0qXwfNV%2BnxArVgUyz7hKDKcZ14bwFzfWF%2FzqvGiZ%2BDYJXULNNQsS4q9883%2FpuITKYNcQaX%2BxUaME1Jn5CBD09oMMKcFRHjWJpFVFtfKAc1ia55Re7IogfkTJJrM7JqSpRmYcmMGZNxIiAfXKb7M%2BgYamIpxTWJQ1x8jl%2BuaTFLKZW7id1k8o6xXcKWUgrGLhDdvuxSatYtvNRFJjR%2F8KQr8qYB5EMr7ciaJl%2FzRlaCHJD6fqW1gJyCRDq%2FZiQW24ZKQjMgpHDMIxkVQQliauCtwSY848ufns%2BUz3MXlKVqvGGW%2BC5xUESHhiHbnVV78Es6VrnmTz9KatbAP%2FO2f2mH8EP87S%2BBeHPM1YGCAgOhaC8Yjtko7YZexrN62F1QQKZmIvy%2FE3uUgIXwaV79pKfQJrOj1e%2FMzFe8v8bfV3MpXTdTU5%2FoSU63qLjWPbhrBBHYfB%2FLbuZ3Ys3KgmQpmmSkFD0HVQPmJu0H7HDFi2tVoz8W1R2vSoIBw4MdNHfppmrIcKpFFxw9GtxgfDNzzMv4ayey5aJh80wIqINW3AFh6rbiZRrqEVbphbvn6IItb3uLy8luAtq3FCe4YEggwGDdBmxJSC5GCWsldvvOjUJTjI2%2BWpcr%2B9aycTsCvyivjcUEB89FAKpglYRmK4Pmym%2BF4PKZhAdTm5Zxhc3JhUUaHSiaIZSf8NWIWJrR9QBdUvSWQF3ewlWv524s0YDYIXv6E%2FeUUa%2FY9t9ZGw3MI6qErKkw%3D%3D&checksum=392411830922f873be751735421d9d3eff5c66e80d14
112,LENOVO X1 CARBON 4TH GEN INTEL i7 2.6GHz 8GB RAM 256GB   WINDOWS 10 PRO,Pre-Owned,From United States,9052.48,0,0,https://www.ebay.com/itm/LENOVO-X1-CARBON-4TH-GEN-INTEL-i7-2-6GHz-8GB-RAM-256GB-SSD-14-WINDOWS-10-PRO/333526668243?hash=item4da7bd13d3:g:~70AAOSwo-5eQZiu
505,  4th gen x1 Carbon  i5 2.40Ghz 8GB 256GB  FHD,Refurbished,From United States,8916.92,0,0,https://www.ebay.com/itm/Lenovo-Thinkpad-4th-gen-x1-Carbon-intel-i5-2-40Ghz-8GB-256GB-Windows-10-Pro-FHD/274205939999?hash=item3fd7f2991f:g:2iUAAOSwvvJeH2uR
318,  4th gen x1 Carbon  i5 2.30Ghz 8GB 256GB  FHD,Refurbished,From United States,8901.37,0,0,https://www.ebay.com/itm/Lenovo-Thinkpad-4th-gen-x1-Carbon-intel-i5-2-30Ghz-8GB-256GB-Windows-10-Pro-FHD/274232828559?hash=item3fd98ce28f:g:9zEAAOSwMY9eL0fe
572,  4th gen x1 Carbon  i5 2.40Ghz 8GB 256GB  X64,Refurbished,From United States,8889.77,0,0,https://www.ebay.com/itm/Lenovo-Thinkpad-4th-gen-x1-Carbon-intel-i5-2-40Ghz-8GB-256GB-Windows-10-Pro-X64/372934402052?hash=item56d49f6004:g:msEAAOSwROleMfGm
515,  4th gen x1 Carbon  i5 2.40Ghz 8GB 180GB  X64,Refurbished,From United States,8870.04,Len,0,https://www.ebay.com/itm/Lenovo-Thinkpad-4th-gen-x1-Carbon-intel-i5-2-40Ghz-8GB-180GB-Windows-10-Pro-X64/372934403318?epid=23030269362&hash=item56d49f64f6:g:~RYAAOSwwUJeMfIO
390,"   x1 carbon l440 - 13.3"" - core i5",Pre-Owned,From France,8801.35,0,0,https://www.ebay.com/itm/Ordinateur-portable-Lenovo-ThinkPad-X1-Carbon-L440-13-3-Core-I5/184173267339?hash=item2ae195098b:g:H1EAAOSwNMZeSWPs
325,  4th gen x1 Carbon  i5 2.4Ghz 8GB 256GB  Camera,Refurbished,From United States,8595.67,0,0,https://www.ebay.com/itm/Lenovo-Thinkpad-4th-gen-x1-Carbon-Core-i5-2-4Ghz-8GB-256GB-Windows-10-Pro-Camera/392665244355?hash=item5b6cac22c3:g:5w8AAOSwRD5eNJnK
273,  x1 carbon  core i5 ssd - 256 gb - 4 gb,Refurbished,From France,8448.29,0,0,https://www.ebay.com/itm/LENOVO-THINKPAD-X1-CARBON-14-Core-I5-SSD-256-GO-4-GO/254521888636?hash=item3b42afcf7c:g:SLIAAOSw2kleU8h7
302, x1  PC Carbon g1   CPU i5 RAM 8gb  256gb Grade A!!!,Refurbished,From Italy,8319.67,0,0,https://www.ebay.com/itm/PC-NOTEBOOK-LENOVO-X1-CARBON-G1-ULTRABOOK-14-CPU-I5-RAM-8GB-SSD-256GB-GRADO-A/153833934299?hash=item23d1378ddb:g:LH0AAOSwmWxeSBpN
191, X1 Carbon  i5 1.8GHz 8GB 256GB   ,Refurbished,From United States,7891.88,0,0,https://www.ebay.com/itm/Lenovo-X1-Carbon-Laptop-i5-1-8GHz-8GB-256GB-SSD-Windows-10-14/312970918479?hash=item48de853a4f:g:GjIAAOSwfcNeL2Ty
13,  X1 Carbon 7.Gen 14    i7 7. Gen 256GB ,Pre-Owned,From Germany,7590.85,Tim,0,https://www.ebay.com/itm/Lenovo-ThinkPad-X1-Carbon-7-Gen-14-Zoll-Intel-Core-i7-7-Gen-256GB-SSD/283794563327?hash=item42137960ff:g:twkAAOSwDIJeVC4Y
250," X1 Carbon  , i7 2.1GHz, 8GB RAM, 256GB , , Ref 1628",Refurbished,From United Kingdom,7552.91,0,0,https://www.ebay.com/itm/Lenovo-X1-Carbon-14-Laptop-i7-2-1GHz-8GB-RAM-256GB-SSD-Windows-10-Ref-1628/324049068927?hash=item4b72d4637f:g:QbYAAOSwLAReJwVd
185," X1 Carbon  , i7 2.1GHz, 8GB RAM, 256GB , , Ref 1628",Refurbished,From United Kingdom,7552.91,0,0,https://www.ebay.com/itm/Lenovo-X1-Carbon-14-Laptop-i7-2-1GHz-8GB-RAM-256GB-SSD-Windows-10-Ref-1628/324049068927?hash=item4b72d4637f:g:QbYAAOSwLAReJwVd
343," X1 Carbon i7, 2GHZ, 8GB Ram, 180Gb , Camera, , 3460-1F4",Pre-Owned,From United Kingdom,7552.91,0,0,https://www.ebay.com/itm/Lenovo-X1-Carbon-i7-2GHZ-8GB-Ram-180Gb-SSD-Camera-Fingerprint-3460-1F4/143526641511?hash=item216adabf67:g:~wMAAOSwGj9ePYda
1061,  X1 Carbon i7 2Ghz 8Gb 120Gb   3460-1F4 B,Pre-Owned,From Germany,7540.41,0,0,https://www.ebay.com/itm/Lenovo-ThinkPad-X1-Carbon-i7-2Ghz-8Gb-120Gb-SSD-Win10-3460-1F4-B/303437098935?_trkparms=ispr%3D1&hash=item46a642afb7:g:EV4AAOSwFpVbXxnw&enc=AQAEAAACUBPxNw%2BVj6nta7CKEs3N0qUshjJ3zme9b%2FPGswGijZ%2BNIst0zaV%2B41ajlh2K0HbX8LREPoppGgVPeERCbAWvlgMIMIh9pj%2Fy%2BnoxwqaladOc7WnSUO32rC0OlJxRlU%2FY5sNTKIMzZVc9q1QcJ%2F8lRvbdqcamtDXra2KiGEGEkV4ovPiGLGzM7IRTZXKCSIW8tHRpSAvS1x3jCU%2BM65s3kLzr7Ssp3kokoVHbiHECrE6uN0UeKcE7LDile9PFb3csfCmE%2BtvP9gzTMRgLMcHBxb6poubCHORRWCca8sEGhy4Yte1ysiLxN1doRZJMGGmRDR2%2Fgfb9XGgZgnxLbz72IKk%2FMACqegW3ew7y3Jfs30yocywlCVslrujIDGt%2FCfAMuzqk3H5MVNEMIVsfLH51di85o84qq16Dw1xp4qdLkkiRD46xhb6MSIMCnbv8T4TgJk4%2BVk0C76X6%2F1CMzDw9xLOt7xAf%2BcssR9wwyqxyOeGjBi1HrX%2FtC7M%2FB1eOR7EK%2BhEs6UHDgznRO4L3xA0%2FllffWsFI8ixtsXTOzjdpxiK7YJlIske7lrL9Y2ydqoFOt5PD%2FWIn7bVyF9PIaxaUuwiy%2B15svyWZzLH9ph03jdMJEUCDHZa1rHrBM%2FUyKvHFr%2BsvpPSFTcZTwxGYwiQSMDlsMbPkJuAKJYRxvsaXV1iICNxhgzJXaH%2FQ6V%2FBevNzjD1f%2BJHDxuLDnb%2FD%2BPSZR09GXWnMYh2DufPOtNy6MB2chmpxq7ZPX3%2BwsNsbfu%2FubQaVGqI3OY%2FviASnJYtf8aQ%3D&checksum=30343709893510845e97e452410fa8832031afc6a993
991,  X1 Carbon 3460-82G i5-3472U 8GB RAM is 180GB  UMTS Win 8 Pro,Refurbished,From Germany,7540.41,0,0,https://www.ebay.com/itm/Lenovo-ThinkPad-X1-Carbon-3460-82G-i5-3472U-8GB-RAM-180GB-SSD-UMTS-Win-8-Pro/153841569742?hash=item23d1ac0fce:g:sTcAAOSwIUReUVCl
835," IdeaPad 510s  i3-6100u 2,30 GHz 8gb 128ssd 15 Zoll  windows 10",Refurbished,From Germany,7359.85,0,0,https://www.ebay.com/itm/Lenovo-Ideapad-510s-Core-I3-6100U-2-30-GHZ-8GB-128SSD-15Zoll-HDMI-Windows-10/123974699735?hash=item1cdd77cad7:g:ZasAAOSwFVJeIduW
883," IdeaPad 510s  I3-6100U 2,30 GHz 8GB 128 15   ",Refurbished,From Germany,7187.35,0,0,https://www.ebay.com/itm/lenovo-Ideapad-510s-Core-I3-6100U-2-30-Ghz-8GB-128SSD-15Zoll-HDMI-Windows-10/202519341987?hash=item2f2717eba3:g:ZasAAOSwFVJeIduW
558,  X1 Carbon   Free Shipping,Pre-Owned,From United States,6963.39,0,0,https://www.ebay.com/itm/Lenovo-ThinkPad-X1-Carbon-Laptop-Windows-10-Free-Shipping/273795007366?hash=item3fbf744386:g:GhkAAOSwUaNZ3DcZ
329,  X1 Carbon 14in. / - Customized,Refurbished,From United States,6940.41,4.5,0,https://www.ebay.com/itm/Lenovo-ThinkPad-X1-Carbon-14in-Notebook-Laptop-Customized/282957834809?epid=118267529&hash=item41e199ea39:g:P~4AAOSwgoxbKOFh
1028,"  X1 Carbon  I5, 8GB Ram spots",Pre-Owned,From Germany,6809.07,0,0,https://www.ebay.com/itm/Lenovo-Notebook-X1-Carbon-14-I5-8GB-Ram/174189337465?hash=item288e7e5b79:g:aaMAAOSwh4BeRDRX
333,  x1 Carbon   i5 2.3Ghz 8GB 180GB  ,Refurbished,From United States,6686.01,Len,0,https://www.ebay.com/itm/Lenovo-Thinkpad-x1-Carbon-intel-Core-i5-2-3Ghz-8GB-180GB-Windows-10-Pro-webcam/392665252618?epid=23030269362&hash=item5b6cac430a:g:fwMAAOSwKCheNJ0H
339,  X1 Carbon   i5 1.90GHz 8GB RAM 256GB  ,Refurbished,From United States,6383.09,0,0,https://www.ebay.com/itm/Lenovo-Thinkpad-X1-Carbon-Intel-Core-i5-1-90GHz-8GB-RAM-256GB-SSD-Windows-10-Pro/233485806323?hash=item365cd6aaf3:g:qA4AAOSwFFBeOdvE
379,Ultra thin  Carbon X1  I5 3. gener:  HDD  UMTS ,Pre-Owned,From Germany,6304.44,0,0,https://www.ebay.com/itm/ULTRADUNNES-LENOVO-CARBON-X1-INTEL-I5-3-GENER-SSD-HDD-WEBCAM-UMTS-FINGERPRINT/163808078813?hash=item2623b8ebdd:g:Yz0AAOSwtjBdSt2n
234, X1 Carbon   1.6GHz  i5 128GB HDD 8GB RAM 10 (Grade C),Refurbished,From United States,6267.03,0,0,https://www.ebay.com/itm/Lenovo-X1-Carbon-14-Laptop-1-6GHz-Core-i5-128GB-HDD-8GB-RAM-Windows10-Grade-C/383253818520?_trkparms=ispr%3D1&hash=item593bb52c98:g:dE8AAOSwM0VdwyyQ&enc=AQAEAAACQBPxNw%2BVj6nta7CKEs3N0qVhBHp4EcSDFWRGWw3Y2Hx6uPCHf1Rj0BVVu2OEWhFsg5mRpmVncjAsJ%2BaAVHyoyKSZ%2F4ODhJ%2FTLYIoNiJsUrpouTgy2HkBvrn7Fp6BYxKKj3uULx8moC0tQ8FLGtH0LEBGmPn8WEX7Wfb6L4sFESieixSOW6wzsSnf5d732ifX%2BfpnsHB36t2A1YTeT8L5uC8%2Bnf0K0tZWjRucRqndLSvLIF9PsJTO5fp90SoSBc2OQ8LCqWHqlo1fcQcaL8LcRka0h84h28DyIb7YbwBGYchBap3C3RCupWpJk0O6JjgZrxiiPRBYEtKrldmUwSy%2B4mPSYO4SxKJnvBOJWUBugMgo5y6swpuoRKkK5dgo6dD7mAK61UonUnAdFyBbkjShk3M7Tszt22TlWt3tiCO270exCTlceEQ%2BP3uyOxTZ0%2FHh21UMyiMpL%2FntyYilIHI9V7GBqXJb8lgTivWOwSSJ4HvuBebY5YCqdzCc%2FuZKOuvfZkTQF9ktdj5y1kZEZ3SW7OrcyVofnoFtsZgGsHpwm%2BOkzNfsOBc5JWbQlkkaTzhrD7b4iRwAsnC7sg68bkZkg9XPQ%2FdSK4ubk%2FeP8x1wyUMNM4KoLzQfqUN5FSD1qsmVlEQlwyLOOoyw7tjHrrTqyC6f9pmRjfpEYePW24qo5QJLH9Gf0S3Cl7lCM2QGvYZlMCdb01WHYm%2BkPzFWamTcMkqbmL3dXdCV7hoxN9Df86S2ms8relpuxMjBuJuG9pidng%3D%3D&checksum=383253818520ee46255f198446a48c042b2372aef18f
137," X1 Carbon 2  i5 1,60Ghz 8GB 180 14  1600x900  Wind 10",Refurbished,From Germany,6178.6,0,0,https://www.ebay.com/itm/Lenovo-X1-Carbon-2-Core-i5-1-60Ghz-8GB-180SSD-14zoll-1600x900-WEB-CAM-Wind-10/202655028152?hash=item2f2f2e53b8:g:B64AAOSwfOBd75RU
1236,"NICE  X1 Carbon i7 vPRO, 2.0GHz, 8GB RAM, 237GB HDD, , NEW OE AC",Refurbished,From United States,6151.2,0,0,https://www.ebay.com/itm/NICE-lenovo-X1-Carbon-i7-vPRO-2-0GHz-8GB-RAM-237GB-HDD-Windows-10-NEW-OE-AC/383395288302?hash=item594423d4ee:g:1rEAAOSw0dZeMLqD
1068,"NICE  X1 Carbon i7 vPRO, 2.0GHz, 8GB RAM, 237GB HDD, , NEW OE AC",Refurbished,From United States,6151.2,0,0,https://www.ebay.com/itm/NICE-lenovo-X1-Carbon-i7-vPRO-2-0GHz-8GB-RAM-237GB-HDD-Windows-10-NEW-OE-AC/383395288302?hash=item594423d4ee:g:1rEAAOSw0dZeMLqD
170," X1 Carbon  , i7 2.1GHz, 8GB RAM, No HDD, No OS, Ref 1629",Refurbished,From United Kingdom,6042.27,0,0,https://www.ebay.com/itm/Lenovo-X1-Carbon-14-Laptop-i7-2-1GHz-8GB-RAM-No-HDD-No-OS-Ref-1629/324063312712?hash=item4b73adbb48:g:QbYAAOSwLAReJwVd
1182,With free mouse!  X1 Carbon  ,Pre-Owned,From Australia,5963.99,0,0,https://www.ebay.com/itm/With-free-mouse-Lenovo-X1-Carbon-Thinkpad-Ultrabook/233491189677?hash=item365d28cfad:g:IpYAAOSwBTleQUvY
1350,With free mouse!  X1 Carbon  ,Pre-Owned,From Australia,5963.99,0,0,https://www.ebay.com/itm/With-free-mouse-Lenovo-X1-Carbon-Thinkpad-Ultrabook/233491189677?hash=item365d28cfad:g:IpYAAOSwBTleQUvY
525," x1 Carbon  i5 1,90ghz 4gb 128gb  14 Zoll 1600x900 ",Pre-Owned,From Germany,5810.41,0,0,https://www.ebay.com/itm/Lenovo-X1-Carbonio-Core-i5-1-90ghz-4GB-128gb-SSD-14zoll-1600x900-Web-Cam/202903295174?hash=item2f3dfa94c6:g:twgAAOSwJRld7sBV
1153,  X1 Carbon i7 8GB with ,Pre-Owned,From United States,5779.81,0,0,https://www.ebay.com/itm/Lenovo-Lenovo-X1-Carbon-i7-8GB-with-Windows-10/254519594718?hash=item3b428ccede:g:WE0AAOSwJjFeADR1
1322,  X1 Carbon i7 8GB with ,Pre-Owned,From United States,5779.81,0,0,https://www.ebay.com/itm/Lenovo-Lenovo-X1-Carbon-i7-8GB-with-Windows-10/254519594718?hash=item3b428ccede:g:WE0AAOSwJjFeADR1
117," X1 Carbon  i5 1,90ghz 4GB 128gb  14  1600x900 ",Pre-Owned,From Germany,5674.22,0,0,https://www.ebay.com/itm/Lenovo-X1-Carbon-Core-i5-1-90ghz-4GB-128gb-SSD-14zoll-1600x900-WEB-CAM/123757234313?hash=item1cd0818889:g:twgAAOSwJRld7sBV
870,"  t440s  i5 1,6ghz, 8gb 128gb  14 Zoll  UMTS",Refurbished,From Germany,5655.56,0,0,https://www.ebay.com/itm/Lenovo-THINKPAD-T440s-Core-i5-1-6Ghz-8GB-128GB-SSD-14zoll-Windows-10-Umts/124082786962?hash=item1ce3e91292:g:YMcAAOSwfjBcflqL
418,LENOVO X1 Carbon 2ND GEN 20A7002QUS   i7 2.10GHz 8GB Ram [ Video],Pre-Owned,From United States,5569.74,Pre,0,https://www.ebay.com/itm/LENOVO-X1-Carbon-2ND-GEN-20A7002QUS-Intel-Core-i7-2-10GHz-8GB-Ram-Intel-Video/333506877851?hash=item4da68f199b:g:EvEAAOSwq1NePEyY
443,LENOVO X1 Carbon 2ND GEN 20A7002QUS   i7 2.10GHz 8GB Ram [ Video],Pre-Owned,From United States,5569.74,Pre,0,https://www.ebay.com/itm/LENOVO-X1-Carbon-2ND-GEN-20A7002QUS-Intel-Core-i7-2-10GHz-8GB-Ram-Intel-Video/333506877851?hash=item4da68f199b:g:EvEAAOSwq1NePEyY
795,"  T440s  i5 1,6Ghz, 8GB 128GB  14   UMTS",Refurbished,From Germany,5522.91,0,0,https://www.ebay.com/itm/Lenovo-ThinkPad-T440s-Core-i5-1-6Ghz-8GB-128GB-SSD-14zoll-Windows-10-UMTS/123762761383?hash=item1cd0d5dea7:g:YMcAAOSwfjBcflqL
179," X1 Carbon 2  i5 1,90ghz 8GB 180 14  1600 x 900  4G LTE",Refurbished,From Germany,5422.04,0,0,https://www.ebay.com/itm/Lenovo-X1-Carbon-2-Core-i5-1-90ghz-8GB-128SSD-14zoll-1600-x-900-WEB-CAM-4G-LTE-B/123751532968?hash=item1cd02a89a8:g:9hYAAOSwi5dcx0~K
1335,"  x1 carbon i5 1,8ghz 8gb 180gb ssd  1600x900 win7 3460-5s5 b",Pre-Owned,From Germany,5396.82,Len,0,https://www.ebay.com/itm/Lenovo-THINKPAD-X1-Carbone-i5-1-8Ghz-8Gb-180Gb-SSD-14-1600x900-Win7-3460-5S5-B/303288545855?epid=1374921084&hash=item469d67f23f:g:EV4AAOSwFpVbXxnw
1166,"  x1 carbon i5 1,8ghz 8gb 180gb ssd  1600x900 win7 3460-5s5 b",Pre-Owned,From Germany,5396.82,Len,0,https://www.ebay.com/itm/Lenovo-THINKPAD-X1-Carbone-i5-1-8Ghz-8Gb-180Gb-SSD-14-1600x900-Win7-3460-5S5-B/303288545855?epid=1374921084&hash=item469d67f23f:g:EV4AAOSwFpVbXxnw
1192,GRADE C - BULK - 3 x LENOVO i5 X1 CARBON LAPTOPS WITH FAULTS,Refurbished,From Australia,5365.9,0,0,https://www.ebay.com/itm/GRADE-C-BULK-3-x-LENOVO-i5-X1-CARBON-LAPTOPS-WITH-FAULTS/264310473857?hash=item3d8a21c481:g:HCwAAOSwojBdRIHs
1361,GRADE C - BULK - 3 x LENOVO i5 X1 CARBON LAPTOPS WITH FAULTS,Refurbished,From Australia,5365.9,0,0,https://www.ebay.com/itm/GRADE-C-BULK-3-x-LENOVO-i5-X1-CARBON-LAPTOPS-WITH-FAULTS/264310473857?hash=item3d8a21c481:g:HCwAAOSwojBdRIHs
286,  X1 Carbon  i7 CPU  Hard Drive  Bag Only 3lbs!,Refurbished,From United States,5337.62,0,0,https://www.ebay.com/itm/Lenovo-Thinkpad-X1-Carbon-Laptop-i7-CPU-SSD-Hard-Drive-Windows-10-Bag-Only-3lbs/133232896783?hash=item1f054cab0f:g:MsYAAOSwxs9dKRcP
20,PC  x1 Carbon g1   CPU i5 RAM 4gb No HDD lent Condition,Refurbished,From Italy,5295.94,0,0,https://www.ebay.com/itm/PC-LENOVO-X1-CARBON-G1-ULTRABOOK-14-CPU-I5-RAM-4GB-NO-HDD-OTTIME-CONDIZIONI/153844095283?hash=item23d1d29933:g:lt8AAOSwcOBeU-Gb
968,"  X1 Carbon i5 1,8Ghz 8Gb 180Gb   1600x900  3460-5S5 B",Pre-Owned,From Germany,5018.54,0,0,https://www.ebay.com/itm/Lenovo-ThinkPad-X1-Carbon-i5-1-8Ghz-8Gb-180Gb-SSD-14-1600x900-Win7-3460-5S5-B/113891689208?hash=item1a847942f8:g:EV4AAOSwFpVbXxnw
25,   Carbon X1 ,Pre-Owned,From United Kingdom,4834.06,0,0,https://www.ebay.com/itm/Lenovo-ThinkPad-Carbon-X1/293467870906?hash=item44540c56ba:g:qz8AAOSwhe9eQBpt
878," THINKPAD Yoga 11e   N2940 1,83GHz 180  Touchscreen Conver",Refurbished,From Germany,4768.49,0,0,https://www.ebay.com/itm/Lenovo-THINKPAD-Yoga-11e-Quad-Core-N2940-1-83GHz-180SSD-HDMI-Touchscreen-Conver/143524225037?hash=item216ab5e00d:g:4n0AAOSwHCNeU55u
887,"  Yoga 11e   N2940 1,83GHz 180  Touchscreen Konver",Refurbished,From Germany,4766.35,0,0,https://www.ebay.com/itm/Lenovo-ThinkPad-Yoga-11e-Quad-Core-N2940-1-83GHz-180SSD-HDMI-Touchscreen-Conver/264505108263?_trkparms=ispr%3D1&hash=item3d95bba727:g:4n0AAOSwHCNeU55u&enc=AQAEAAACQBPxNw%2BVj6nta7CKEs3N0qXBZxVlHM%2FSruwyusakIot3qfJ%2BMnezRYuUsPSTXLpcK9%2B%2B5qr0IEq9bvNxc%2FfsVnGfDbDrpJbK9ruEsO4x71GtV3NGtrgwozTIa2GSzBnSvBqbU93a3n%2FvAwVKZqe7bt8EBTbc4fI6bqW4wbgv68ImbR4wPjbMHimwNjGAgNRkA51uHg8YLKuEvjuHA9gG6jCK1RS1axpbupIbIyLJ6UH6g%2BYyLa45REs%2Br%2BO6o286lF3Iy5Ixx%2F%2FKM1bfwKpc9LyLaC8tuwS7Sl%2FTzK5PH1v6d6LiQ9cegS%2BUqA8gr0Cf4B0pnwDFAVxCxNn6R9vDB1iLIEhOF6XCI%2FUPt72hGhfQuhIEuS1Zd5mtQZLQmRXTwlQe5YBfourAXY2W3f42O6yCqYzeOp5LA5qwJgV9jVD6v3boHMCJeJi0nLRJHmo5pATQlLBxLmeWN43%2BSm0SELI3bVhBhD2ZGMyw%2FNKR0us2EhUaTAC1Fhi8Eexr3WFB8hbUqArtCNT%2BB0bZlVgk89sCYucSXZ%2BqVTzcxpJKEZaMMYdHCPtSRLyMboYCCOSws9GSQgkRRPDDvF1jeJ6Pop5Xd68wxJBGWW9XfURkfyvaKla6%2B8WeC2SxoGnE6MnTs5nvE1pRRd2GU%2FNwWzk9Uqod%2B%2FKV3%2B8FDUiDhpydT%2BZzTAj2BnSDwE90bW2VkvQW2TybqJs4884eLqRrPENonPanMJbSZw%2Bq4yi%2Fxg72UMM05SrB9ClBl585VtPhC7wu9g%3D%3D&checksum=26450510826310845e97e452410fa8832031afc6a993
426, X1 Carbon 20A8-S1VE00   1.6GHz  i5 8GB RAM Grade C See Notes,Pre-Owned,From United States,4642.42,0,0,https://www.ebay.com/itm/Lenovo-X1-Carbon-20A8-S1VE00-14-Laptop-1-6GHz-Core-i5-8GB-RAM-Grade-C-See-Notes/383213424823?_trkparms=ispr%3D1&hash=item59394cd0b7:g:WSoAAOSwwz9daDM9&enc=AQAEAAACQBPxNw%2BVj6nta7CKEs3N0qVwlzMlxTmAiQjY8jTgIjaFqN3eYMC7Nw6jkg%2Bsidv%2BL8ZW9pjsKT5bXA96i3vfSnWoa3HYU7pTxUaG68rCMrbgmXi%2Be2JhUg%2BRwc6Kun2XBg8p37%2BbIkfWSNVpkB%2BKiD6UoSMc5dNxcLTAoLpldVbts42asMYztt%2Fg6fo1snKfYxMt%2F167ubECZq2sujPF0KlHrTCl5NGgeHeW2qi4zMMtcFyoXdaiM113Wqjm082sGpeB16gX8YSafgGRBQ6TCZp3zbPJY8RiMRfZoJgKDflNgwJ71GBnG26LP3m7%2Bh9A3LZ9YufkttFIKzzEn%2FnJj56xOkEJnUBZ6L18xTs7kzSGIIErMYnYoI6JljF0TanWmYt2evk6WuBs0ZsPLVAAR%2FcwNsuoAPVwD%2BLw%2FZMM%2F7VNfEIPYKA3P6C6TcZnupF4m1DY%2BntWWEut6tipGBRNq2mBBDi6L4WDLW%2FgIMcXfeDPBAMBRMuMxWkc2XzwKPfw6vhMcXEUab0L1wYgK18ahlYQE03jMhb6w2NL5o9QgWRGzWmExaHtvRW6AS9vq4pz6%2FWdxvRg4zLbllZ8%2BE1bkk%2FqaC6Yki8E%2B%2F2spZPzXPf1jCU%2F06Dw0YtSBDV9t9cI0fjTn%2BCzIHTMF5OISJTi2fZp8UPmfGgsd9G%2BvrhSxn92OrMX4vtLCgWINRUEy6qITkreJY65xHPK%2BfmfRhoOzj3cHATHcVhQ%2FYaAFaI0l%2BO8ZvEW2e99JZ4T7DZPrv4JFQ%3D%3D&checksum=383213424823b5701e5d8e504e55a6050e99b5739411
61,  X1 Carbon 8GB RAM 256GB  and Port replicator/Docking station,Pre-Owned,From United States,4642.42,Tim,0,https://www.ebay.com/itm/Lenovo-Thinkpad-X1-Carbon-8GB-RAM-256GB-SSD-and-Port-replicator-Docking-station/254523474120?hash=item3b42c800c8:g:D1wAAOSwPeBeVf2z
422, X1 Carbon 20A8-S1VE00   1.6GHz  i5 8GB RAM Grade C See Notes,Pre-Owned,From United States,4642.42,0,0,https://www.ebay.com/itm/Lenovo-X1-Carbon-20A8-S1VE00-14-Laptop-1-6GHz-Core-i5-8GB-RAM-Grade-C-See-Notes/383213424823?_trkparms=ispr%3D1&hash=item59394cd0b7:g:WSoAAOSwwz9daDM9&enc=AQAEAAACQBPxNw%2BVj6nta7CKEs3N0qVwlzMlxTmAiQjY8jTgIjaFqN3eYMC7Nw6jkg%2Bsidv%2BL8ZW9pjsKT5bXA96i3vfSnWoa3HYU7pTxUaG68rCMrbgmXi%2Be2JhUg%2BRwc6Kun2XBg8p37%2BbIkfWSNVpkB%2BKiD6UoSMc5dNxcLTAoLpldVbts42asMYztt%2Fg6fo1snKfYxMt%2F167ubECZq2sujPF0KlHrTCl5NGgeHeW2qi4zMMtcFyoXdaiM113Wqjm082sGpeB16gX8YSafgGRBQ6TCZp3zbPJY8RiMRfZoJgKDflNqcfTo6P3rriObygRloHHCm6WmRI%2FKS5CpjmQ0awdF5zTXypcCgF7LFMVUxbt81xF3t53jzNzDzdq6W4MTcaRbIY0ns8a2ZDD21OYzjvGB8FYOOntoZkNNIFe4hdvtCfNAbUL7Iy4svsBIlDxn04C%2FIqvc6mh7hvFRHxLuTziYj26UqIK0x31PALQrPEbBbOZ%2Bw%2F6%2B7Kfu35FFvdknjzinKpM%2BmasLIrtWzsa0gcJn2s65aOZdJtez3gzXJLCL0DVmD36B%2BW94mz0bk9bR%2BXyJV%2BsvVXTmJrMTYTYyss4eti5pgYylG7%2BXgVKNTnK5EKLhfTlE9Bg4dHsgkYTynBeWm5CHwOM6KzPefvzNebAwwJIkUuYbX%2FlTAwxEsp%2BggOgHhNGfcZD%2FjXmE%2F69exDNuc7eATyPI4RGHLo7wWeE2Nv1isq7YSyT34kGtjWr9VlacWUuQzecXKAi2yRCv0lXBw%3D%3D&checksum=383213424823ee46255f198446a48c042b2372aef18f
634, X1 Carbon 20A8-S1VE00   1.6GHz  i5 8GB RAM Grade C See Notes,Pre-Owned,From United States,4410.3,0,0,https://www.ebay.com/itm/Lenovo-X1-Carbon-20A8-S1VE00-14-Laptop-1-6GHz-Core-i5-8GB-RAM-Grade-C-See-Notes/372805474876?_trkparms=ispr%3D1&hash=item56ccf01a3c:g:zNUAAOSwoNBdpiBK&enc=AQAEAAACQBPxNw%2BVj6nta7CKEs3N0qUPexMSbPz08uetIHhB%2FSk9QCIRRxjOQ7fyg6FTM2C9foLJt%2B3uUFSkVBdm%2BVmAtjrxX22sQ%2FQr90PBPpErBnPyuRDl%2BXfFZuqCUSRKgGs0%2BO1g9WI72cDgrgvdKP3RmsrDnA7rBh%2BESX0VBlbQEDvqg2d23Fe%2FsXGS4ioEHkmCBsSb2i81gFARdzbxchtJUWDzjFyCmNUVWJvle3tqKfTDyCcQEec%2B30Jr3Y2tW1Dfur%2BlBkmw05%2BO7VTqmXURnLb4hm8JK%2FkQ%2BK%2Fx0x5yADpHJukJ9FkjN08QpkfUDf7AlHkYA9VJi9WFtrVAv7LjpuycNRj7Sjd3G3cDy5qiZhYReFJT0LRRDiMB4jDz80EPQvm1JCNEco8vEJos%2FtXq%2Bz70Hm6nas8MkU72w%2BpfuccG7rrMzgXw6U87GRAfhpa5xxaJrdwkUsnCZfb3GF%2FO2j1hyjBW9BaKhRJ9o5qglLxLY%2F1CUQxQlAs53%2Bd38l%2FyAGgG%2FnrJjGHPMw1CppqPNHKJf6zp84tO1ppckjnONL2Kj3vpU%2BnWo9ehTQqy9wflraFr3uuYFJlojnniFtMlCm3lWu8vBa%2BYwccAtMQLLG%2BGSG%2FnUMH4y42%2FoYl2Aw0s85bwEc12Gr2QkCbk7kR5QqKRqoS%2Bw4reu1mP3dwuov11oUSCaT3tviOMSaO3CHB4tUfNb8hds9BcpyMsx90TGwFdcv%2FKWMw9spnmgDGqa%2BgIG6JaDWN%2B%2BEJ%2F4ceuEJm4AA%3D%3D&checksum=372805474876b5701e5d8e504e55a6050e99b5739411
54,  X1 Carbon   i5 2.90Ghz 14' Full HD 1920x1080  PRO,Pre-Owned,From United States,4410.3,Tim,0,https://www.ebay.com/itm/Lenovo-ThinkPad-X1-Carbon-laptop-Core-i5-2-90Ghz-14-Full-HD-1920x1080-SSD-PRO/223924883649?hash=item3422f690c1:g:tdYAAOSwMDpeSLiL
884,"  Yoga 11e   N2940 1,83GHz 4GB 500gb  Touch Screen",Pre-Owned,From Germany,4161.1,0,0,https://www.ebay.com/itm/Lenovo-ThinkPad-Yoga-11e-Quad-Core-N2940-1-83GHz-4GB-500gb-HDMI-Touchscreen/202793684244?hash=item2f37720d14:g:wEwAAOSwvJVdnzpG
886,"  t440   i5 1,90ghz 4gb 128gb  14,4 Zoll Web B",Pre-Owned,From Germany,4002.72,0,0,https://www.ebay.com/itm/Lenovo-THINKPAD-T440-Intel-Core-i5-1-90GHz-4GB-128GB-SSD-14-4zoll-Web-B/124054804591?hash=item1ce23e186f:g:29EAAOSw--9dg4nP
187,LENOVO X1 CARBON 2ND GEN  | i5 1.90GHz | 8GB RAM | 256GB  | 1600 x 900 | ,Pre-Owned,From United States,3945.82,0,0,https://www.ebay.com/itm/LENOVO-X1-CARBON-2ND-GEN-14-i5-1-90GHz-8GB-RAM-256GB-SSD-1600-x-900/174182638203?hash=item288e18227b:g:8F8AAOSwE19eOyXr
732,NEW ORIGINAL LENOVO X1 CARBON PALMREST TOUCHPAD & FINGERPRINT 01LX508-NEW  ,Brand New,From United States,3944.89,0,0,https://www.ebay.com/itm/NEW-ORIGINAL-LENOVO-X1-CARBON-PALMREST-TOUCHPAD-FINGERPRINT-01LX508-NEW/323429461591?hash=item4b4de5ee57:g:IxIAAOSwLs5aoA5K
651,"  T440   i5 1,90GHz 4GB 128GB  14,4  Web B",Pre-Owned,From Germany,3908.91,0,0,https://www.ebay.com/itm/Lenovo-ThinkPad-T440-Intel-Core-i5-1-90GHz-4GB-128GB-SSD-14-4zoll-WEB-B/123767722771?_trkparms=ispr%3D1&hash=item1cd1219313:g:29EAAOSw--9dg4nP&enc=AQAEAAACQBPxNw%2BVj6nta7CKEs3N0qU8a3JEot6CChg86eTgsvZHBh9QTLPDj3L42UPnOw3av1lXWiUGolOT6USArjmyau6xvXUHSevu%2F%2FeZ4%2Fr53ZLwx8a0OcVEsiaodlYd3XsfJ2TeyfQuNteUQqkDkztuwxteE2WQrtWpnQtxlwNtk5SiJJ%2FXLc0dKYx3j%2F0kuOKdxvMRYCM4IdkOzDGx9jqungYfKJqNkod%2BYQwDcS8JOr45JQFQvUsTWEHqT%2BZ3cPwhEKYvQerPjV6yCegutHMgX1gEParhut3dOyY0JDI%2BV4ToVpbC41xe5ar05chjPp7ocwmVN3OJptuZMQMTsJ0BT5TFsx9kTFT6FahzShGLe1vAKJrbldVBV5zFWdCk1CLuZiNxzKZ2ZtNmHGw0N%2FfKtvDyWFZI5Ahk3GRYqbbXrRHX%2BDkPwvQgMMgqLSPfCXdn1%2Bq1TxjhgbMkY3PdFZyUTQ4obUrl%2BTMzesV8%2FSjIjq2UtkmTpjVi0Ew4IiC06j8Etl5CJpL4O2tvaDwMhtPSdryMvkzrWyq9OiZRxWnbraNZBS6McTQ%2FAfz8TjoCbp794UHxh1ajBxUwDWS7a7Qtcc9MnhA%2BlZMshw96G8H1BqLUCeM4HxNq1Ko2cLFTHQMkpXDBIFg4TdaPmPrs%2FAbvl9Yo1lpNcnboGSHF3MYinNn4NsQAXnGSLJq9fKm3B0aGNLTJ6pqnE0wL9z%2B%2Fb1F%2Fbb0%2BuPL%2F82wLlZYZuIZBZxpNUqrP6bXThFCeFSJKxmvQVQ%3D%3D&checksum=12376772277108b6eba487484f418d7ea947f53ff6ad
872, Yoga 11e  N2940 1.83 GHz 4 GB 128 GB  IPS Touchscreen  ,Pre-Owned,From Germany,3810.81,0,0,https://www.ebay.com/itm/Lenovo-Yoga-11e-Intel-N2940-1-83-GHz-4-GB-128-GB-SSD-IPS-Touchscreen-Webcam-HDMI/362876760865?_trkparms=ispr%3D1&hash=item547d23f321:g:lcEAAOSwzVdeFzMH&enc=AQAEAAACQBPxNw%2BVj6nta7CKEs3N0qXvu45D2b%2Bw8pycdrwi1x6xjFAMy20jaoWZ8jn7NDMm%2F2Rf1rNVEFkCOkYYXDFgh9kCyW2nMpvN0uVIcDxqYK9iDroJzYZjEflP2xx4HrzwB%2BiBNdYusBI%2FU7a5%2FjjxQwN2OgXXIJUk%2Bv0GO7LtC9pj2QIxAtEDtB8A%2BW4eTL%2FuFfCBb3P5O4NVw3kGSSKDHBdA0A%2FHAf2Nt%2FG9cvGpPkLWfGRaFQpCIBGw7XVm9MiTneiX0EtBe0EPrCoGE8HeTwtBixru54H%2FrcqijKbMNso89iuaF36WiuWIxY6EmnqDcGkoX4cewKJ0wcYSTpFbMyhqyV4cUn4K8GP%2BkjmqNR9WmBisJsSOGwBYIU2iK2gcFtisFjcW9M6ZlOYBWF1sojee5zmMJQDpbK3%2B2GvMgDcHhmiSZDHMp4k3ihwMwG2I9bc0eYcRBYOiiuwQv0m4vpi1rZLF4KDGNBZAXmotBd3wM2Eh0n9W7kHSEwOtUIvtd%2F2Fz3xj8ZwqjVxkrmIP532dyQ6QPUPBow5zlWKgeusd3ui8OUr%2FmXqRteJMqiwEerJmBpLVIcybI0itaOycBIAwOVTpwZl0DRP2C6QxMut0fM5YBfqZHU%2BYLmqu6tge1eygyLPaQ2GuItQ47qamGRQjrSfpt9kCDeUEggFjkWGvnJLUiZ45jy3isHR1DHCi%2FnAt7IExr%2B%2FMOJYXG%2Fu8NsaaelgI7chFdsjfKXPlEF%2BKcKUa9b7meQLozZiDkcNv8g%3D%3D&checksum=36287676086510845e97e452410fa8832031afc6a993
680,"  X1 Carbon  i5 1.8GHz 4GB ""NO HDD""  NO BATTERY NO AC",Pre-Owned,From United States,3767.79,4.5,0,https://www.ebay.com/itm/Lenovo-ThinkPad-X1-Carbon-14-i5-1-8GHz-4GB-NO-HDD-Laptop-NO-BATTERY-NO-AC/401819922996?epid=20031092292&hash=item5d8e557234:g:v6MAAOSwIXNc3Et6
888,  X1 Carbon  Widescreen Display,Pre-Owned,From United States,3481.81,4.5,0,https://www.ebay.com/itm/Lenovo-Thinkpad-X1-Carbon-Windows-Widescreen-Display/123984022156?epid=20031092292&_trkparms=ispr%3D1&hash=item1cde060a8c:g:7GEAAOSw1Rpd1yr-&enc=AQAEAAACQBPxNw%2BVj6nta7CKEs3N0qWIVHSQoc5VF2UqAS66UiENsWhxXIxXVfuBAaO%2BA92ver3PEV1jvkF36d4tJSvNUUaaBPBTZ0ZlJ9ocd%2Bg1wzn1qZS9gRXdCm2nHYjaCC0yzW9UZBS00KUiDqRjfqsw5l1SgmvIOZSOJ32LS5hu7OSDENHQRcmkuwvKOZbJm%2Bzp1yOniBs9CoFlzoBopa3h2r660j1tTiFZUqkgU4zmd%2F8KJEC1A7Srq2r4DmnGRWvB5naG9CDfcN4fIPYGz1iCtU85oKREXmg%2FZUkxA42ylTur2nwVPWC9GXmjl%2FkSnFlDXkYuMXN20yZNodUyYKMHVMxKEids6n0xnMFcnpVal21VYOQ2g2yZWqYGPYrD7l3ikvMSIq0c4bQDylkofLRr5h1HGUI1kKKm8csWuzRO8JKIjj%2BPwd4X242ETTG9T9SxkU40DATUQBgkVmYstCN3FHZAMCDczP7mvqgH583DYTWHXrTXyYxpIx6E8w10BNov39gpyUQfaP%2F4tQNqk3rc6ys%2FjtRjl7IvSX2fVIEVf1HiLnRxV6I4DL5iOZUopSrHllce2dHQa2oDdI3w2cNN5lgkdBDDuZfv4BreKz%2BL2NIVtdORPZsTWCC5GTrTBavotlJubcPWxpIVD8RquEWFZ%2BicrSQYpS07NQacvMyU28eStVlgyxM7Z4gOL4CIlrXnw2Gu0%2BzZdm6JWhUy2hKiWFzI5FRSvleoOzsL9tjrtw1%2BqbRqgcwKUbaMKWGbCv5xCw%3D%3D&checksum=12398402215610845e97e452410fa8832031afc6a993
1159,  X1 Carbon 14in. /,Pre-Owned,From United States,3481.81,4.5,0,https://www.ebay.com/itm/Lenovo-ThinkPad-X1-Carbon-14in-Notebook-Laptop/283647652151?epid=118267529&hash=item420ab7b137:g:UXMAAOSwiJRdqjyu
1328,  X1 Carbon 14in. /,Pre-Owned,From United States,3481.81,4.5,0,https://www.ebay.com/itm/Lenovo-ThinkPad-X1-Carbon-14in-Notebook-Laptop/283647652151?epid=118267529&hash=item420ab7b137:g:UXMAAOSwiJRdqjyu
813,"  X1 Carbon  i5 1.8GHz 4GB ""NO HDD""  NO BATTERY +NO AC",Pre-Owned,From United States,2971.15,4.5,0,https://www.ebay.com/itm/Lenovo-ThinkPad-X1-Carbon-14-i5-1-8GHz-4GB-NO-HDD-Laptop-NO-BATTERY-NO-AC/232959354764?epid=20031092292&hash=item363d75a78c:g:5s8AAOSwSYdbvN9S
775,"  X1 Carbon  i5 1.8GHz 4GB ""NO HDD""  NO BATTERY NO AC",Pre-Owned,From United States,2947.94,4.5,0,https://www.ebay.com/itm/Lenovo-ThinkPad-X1-Carbon-14-i5-1-8GHz-4GB-NO-HDD-Laptop-NO-BATTERY-NO-AC/233058276507?epid=20031092292&hash=item36435b149b:g:5s8AAOSwSYdbvN9S
1383,  - THINKPAD X1 CARBON- PARTS,Parts Only,From United States,2901.51,5.0,0,https://www.ebay.com/itm/Lenovo-Notebook-THINKPAD-X1-CARBON-PARTS/183866532183?epid=219531579&hash=item2acf4ca157:g:CQAAAOSwBlBdGTti
924,LENOVO X1 CARBON (TESTED),Pre-Owned,From United States,2901.51,0,0,https://www.ebay.com/itm/LENOVO-X1-CARBON-TESTED/293491326523?hash=item4455723e3b:g:ESQAAOSw5v9eJwv8
1214,  - THINKPAD X1 CARBON- PARTS,Parts Only,From United States,2901.51,5.0,0,https://www.ebay.com/itm/Lenovo-Notebook-THINKPAD-X1-CARBON-PARTS/183866532183?epid=219531579&hash=item2acf4ca157:g:CQAAAOSwBlBdGTti
917,    X1 Carbon  i5 1.8GHz 4GB NO HDD  NO BATTERY NO AC,Pre-Owned,From United States,2901.51,4.5,0,https://www.ebay.com/itm/Lenovo-ThinkPad-X1-Carbon-14-i5-1-8GHz-4GB-NO-HDD-Laptop-NO-BATTERY-NO-AC/233228717802?epid=20031092292&hash=item364d83ceea:g:v6MAAOSwIXNc3Et6
1183,✠ X1 Carbon  ™ ™i5 4GB 128GB  1080p  WIN 10 Office✠T9T,Pre-Owned,From Australia,2867.01,0,0,https://www.ebay.com/itm/X1-Carbon-Lenovo-Intel-Core-i5-4GB-128GB-Backlit-1080p-HDMi-WIN-10-Office-T9T/133191659617?hash=item1f02d77061:g:1HwAAOSwdpxdlrHZ
1352,✠ X1 Carbon  ™ ™i5 4GB 128GB  1080p  WIN 10 Office✠T9T,Pre-Owned,From Australia,2867.01,0,0,https://www.ebay.com/itm/X1-Carbon-Lenovo-Intel-Core-i5-4GB-128GB-Backlit-1080p-HDMi-WIN-10-Office-T9T/133191659617?hash=item1f02d77061:g:1HwAAOSwdpxdlrHZ
1366,༺ༀ༂࿅࿆   X1 Carbon  ™™ i5 4GB   USB 3.0 Wi-Fi ࿅࿆༂ༀ༻ #96,Pre-Owned,From Australia,2744.35,0,0,https://www.ebay.com/itm/Lenovo-X1-Carbon-Intel-Core-i5-4GB-SliM-Backlit-USB-3-0-Wi-Fi-96/133275962525?hash=item1f07ddcc9d:g:9S8AAOSw0dZd-gba
1198,༺ༀ༂࿅࿆   X1 Carbon  ™™ i5 4GB   USB 3.0 Wi-Fi ࿅࿆༂ༀ༻ #96,Pre-Owned,From Australia,2744.35,0,0,https://www.ebay.com/itm/Lenovo-X1-Carbon-Intel-Core-i5-4GB-SliM-Backlit-USB-3-0-Wi-Fi-96/133275962525?hash=item1f07ddcc9d:g:9S8AAOSw0dZd-gba
756,"  X1 Carbon  i5 1.8GHz 4GB ""NO HDD""  NO BATTERY +NO AC ",Pre-Owned,From United States,2739.03,Pre,0,https://www.ebay.com/itm/Lenovo-ThinkPad-X1-Carbon-14-i5-1-8GHz-4GB-NO-HDD-Laptop-NO-BATTERY-NO-AC/401906333316?hash=item5d937bf684:g:5s8AAOSwSYdbvN9S
1364,༺ༀ༂࿅࿆   X1 Carbon  ™™ i5 4GB   USB 3.0 Wi-Fi ࿅࿆༂ༀ༻#203,Pre-Owned,From Australia,2729.02,0,0,https://www.ebay.com/itm/Lenovo-X1-Carbon-Intel-Core-i5-4GB-SliM-Backlit-USB-3-0-Wi-Fi-203/133290516602?hash=item1f08bbe07a:g:evsAAOSwDABeDFWc
1195,༺ༀ༂࿅࿆   X1 Carbon  ™™ i5 4GB   USB 3.0 Wi-Fi ࿅࿆༂ༀ༻#203,Pre-Owned,From Australia,2729.02,0,0,https://www.ebay.com/itm/Lenovo-X1-Carbon-Intel-Core-i5-4GB-SliM-Backlit-USB-3-0-Wi-Fi-203/133290516602?hash=item1f08bbe07a:g:evsAAOSwDABeDFWc
945,  X1 Carbon  Parts/Repair Boots to Bios,Parts Only,From United States,2552.17,0,0,https://www.ebay.com/itm/Lenovo-Thinkpad-X1-Carbon-Laptop-Parts-Repair-Boots-to-Bios/264646043543?hash=item3d9e222797:g:AkIAAOSwn~BeU-cZ
1194,༺ༀ༂࿅࿆   X1 Carbon  ™™ i5 4GB   Finger SEC࿅࿆༂ༀ༻ #97,Pre-Owned,From Australia,2437.72,0,0,https://www.ebay.com/itm/Lenovo-X1-Carbon-Intel-Core-i5-4GB-SliM-Backlit-Finger-SEC-97/133275967281?hash=item1f07dddf31:g:Z7EAAOSwePRd-ghq
1363,༺ༀ༂࿅࿆   X1 Carbon  ™™ i5 4GB   Finger SEC࿅࿆༂ༀ༻ #97,Pre-Owned,From Australia,2437.72,0,0,https://www.ebay.com/itm/Lenovo-X1-Carbon-Intel-Core-i5-4GB-SliM-Backlit-Finger-SEC-97/133275967281?hash=item1f07dddf31:g:Z7EAAOSwePRd-ghq
961, X1 carbon  4th gen No ram No HDD No boots to bios AS IS 20A7-002QUS,Parts Only,From United States,2320.98,0,0,https://www.ebay.com/itm/Lenovo-X1-carbon-laptop-4th-gen-No-ram-No-HDD-No-boots-to-bios-AS-IS-20A7-002QUS/333523550506?hash=item4da78d812a:g:etcAAOSwXc1eTbDU
967, X1 carbon  i7 4gen No ram No HDD No boots to bios batt incl  AS IS ,Parts Only,From United States,2320.98,0,0,https://www.ebay.com/itm/Lenovo-X1-carbon-laptop-i7-4gen-No-ram-No-HDD-No-boots-to-bios-batt-incl-AS-IS/333523528964?hash=item4da78d2d04:g:qrIAAOSwz5peTyXO
1368,  X1 Carbon I5 4TH GEN FOR PARTS/ No HDD,Parts Only,From United States,2298.0,4.5,0,https://www.ebay.com/itm/Lenovo-ThinkPad-X1-Carbon-I5-4TH-GEN-FOR-PARTS-No-HDD/123924387847?epid=20031092292&hash=item1cda781807:g:gXwAAOSw~1xdknFK
1199,  X1 Carbon I5 4TH GEN FOR PARTS/ No HDD,Parts Only,From United States,2298.0,4.5,0,https://www.ebay.com/itm/Lenovo-ThinkPad-X1-Carbon-I5-4TH-GEN-FOR-PARTS-No-HDD/123924387847?epid=20031092292&hash=item1cda781807:g:gXwAAOSw~1xdknFK
889, 240 GB  Hard drive hard disk THINKPAD X1 CARBON - TESTATO !!,Pre-Owned,From Italy,2168.81,0,0,https://www.ebay.com/itm/Lenovo-240-GB-SSD-Hard-drive-hard-disk-THINKPAD-X1-CARBON-TESTATO/114093986046?hash=item1a908810fe:g:IEAAAOSwjONeOQCE
894,LENOVO  65W Standard AC Adapter USB Type-C for X1 Carbon X1 Yoga E480,Brand New,From Australia,1559.99,LEN,0,https://www.ebay.com/itm/LENOVO-ThinkPad-65W-Standard-AC-Adapter-USB-Type-C-for-X1-Carbon-X1-Yoga-E480/383054117400?epid=22012049943&hash=item592fcdfa18:g:bwEAAOSwIlBeVjMJ
1187,New Genuine   X1Carbon Generation 2 -  240GB  - 00JT005/04X4422,New (Other),From United Kingdom,1208.51,New,0,https://www.ebay.com/itm/New-Genuine-Lenovo-ThinkPad-X1Carbon-Generation-2-240GB-SSD-00JT005-04X4422/274070470337?epid=2128170016&hash=item3fcfdf7ec1:g:HxcAAOSwhe9dtgMA
1356,New Genuine   X1Carbon Generation 2 -  240GB  - 00JT005/04X4422,New (Other),From United Kingdom,1208.51,New,0,https://www.ebay.com/itm/New-Genuine-Lenovo-ThinkPad-X1Carbon-Generation-2-240GB-SSD-00JT005-04X4422/274070470337?epid=2128170016&hash=item3fcfdf7ec1:g:HxcAAOSwhe9dtgMA
899,Fuente de alimentación Original  90w  Edge e531 e431 x1 carbon,Brand New,From France,1035.74,0,0,https://www.ebay.com/itm/Fuente-de-Alimentacion-Original-Lenovo-90W-THINKPAD-Edge-E531-E431-X1-Carbon/322968553037?hash=item4b326d064d:g:JxsAAOxy4YdTRoD4
900,Power Supply Original  90w  Edge e531 e431  x1 Carbon,Brand New,From France,1035.74,0,0,https://www.ebay.com/itm/Netzteil-Original-Lenovo-90W-THINKPAD-Edge-E531-E431-THINKPAD-X1-Carbon/382394871013?hash=item590882ace5:g:JxsAAOxy4YdTRoD4
920,Power Supply Original  90W THINKPAD Edge E531 E431 THINKPAD X1 Carbon,Brand New,From France,1032.37,0,0,https://www.ebay.com/itm/Power-Supply-Original-Lenovo-90W-THINKPAD-Edge-E531-E431-THINKPAD-X1-Carbon/382241009556?hash=item58ff56ef94:g:JxsAAOxy4YdTRoD4
898,Original power  90w  edge e531 e431  x1 carbon,Brand New,From France,983.53,0,0,https://www.ebay.com/itm/Alimentation-DORIGINE-Lenovo-90W-ThinkPad-Edge-E531-E431-ThinkPad-X1-Carbon/381601992845?hash=item58d940508d:g:JxsAAOxy4YdTRoD4
890, SCKJF240A5L 240GB M.2 SATA6.0Gbps For   X1 Carbon Gen4 5,Pre-Owned,From China,919.74,0,0,https://www.ebay.com/itm/SSD-SSDSCKJF240A5L-240GB-M-2-SATA6-0Gbps-For-Lenovo-ThinkPad-X1-Carbon-Gen4-5/274082544988?hash=item3fd097bd5c:g:n5wAAOSwnSJdwO6c
923,Fuente de alimentación original  65w  edge e531 e431 x1 carbon,Brand New,From France,770.18,0,0,https://www.ebay.com/itm/Fuente-de-Alimentacion-Original-Lenovo-65W-THINKPAD-Edge-E531-E431-X1-Carbon/332377826837?hash=item4d63432615:g:XW0AAMXQrhdTRpry
921,Power Supply Original  65w  Edge e531 e431  x1 Carbon,Brand New,From France,770.18,0,0,https://www.ebay.com/itm/Netzteil-Original-Lenovo-65W-THINKPAD-Edge-E531-E431-THINKPAD-X1-Carbon/323516594635?hash=item4b531779cb:g:XW0AAMXQrhdTRpry
922,Power supply ORIGINAL  65W  Edge E531 E431  X1 Carbon,Brand New,From France,767.71,0,0,https://www.ebay.com/itm/Power-supply-ORIGINAL-Lenovo-65W-ThinkPad-Edge-E531-E431-thinkpad-X1-Carbon/382314603566?hash=item5903b9e42e:g:XW0AAMXQrhdTRpry
901,Original power  65w  edge e531 e431  x1 carbon,Brand New,From France,731.34,0,0,https://www.ebay.com/itm/Alimentation-DORIGINE-Lenovo-65W-ThinkPad-Edge-E531-E431-ThinkPad-X1-Carbon/331832126166?hash=item4d42bc6ad6:g:XW0AAMXQrhdTRpry
891,"BIOS Password Chip  X1 Carbon(34xx), S230u, E545 E531 E431 S430 S431 W700",Brand New,From Taiwan,679.79,0,0,https://www.ebay.com/itm/BIOS-Password-Chip-Lenovo-X1-Carbon-34xx-S230u-E545-E531-E431-S430-S431-W700/141479639013?hash=item20f0d7f7e5:g:-2gAAOxyRuJTlqG~
892,IBM THINKPAD LENOVO X1 CARBON 3RD GEN 3 TouchPad Touch Pad Mouse Button,Pre-Owned,From Cyprus,574.04,0,0,https://www.ebay.com/itm/IBM-THINKPAD-LENOVO-X1-CARBON-3RD-GEN-3-TouchPad-Touch-Pad-Mouse-Button/264630909397?hash=item3d9d3b39d5:g:A7oAAOSwlyVeQrKG
893, x201 x230 x220 x131e x1 Carbon w530 w520 BIOS Supervisor Password Remove,Brand New,From United States,251.94,0,0,https://www.ebay.com/itm/Lenovo-X201-X230-X220-X131e-X1-Carbon-W530-W520-BIOS-Supervisor-Password-Remove/222986756665?hash=item33eb0be239:m:mRxgh6S9kj5MZFCJQiFIefQ
897,Genuine   X1 Carbon Gen 6 Front Bezel Trim Cap Cover 01LV482 Black,Brand New,From Canada,104.66,0,0,https://www.ebay.com/itm/Genuine-Lenovo-ThinkPad-X1-Carbon-Gen-6-Front-Bezel-Trim-Cap-Cover-01LV482-Black/143528727236?hash=item216afa92c4:g:aiAAAOSwDeReQIu9
